{
	"plugin_name": "vu",
	"plugin_scope": "vu",
	"plugin_exec": "vu.js",
	"command_map": {
		"vu": {
			"hargs": {
				"vi_VN": "",
				"en_US": ""
			},
			"hdesc": {
				"vi_VN": "<@mention> [bop vu 1 ai đó]",
				"en_US": ""
			},
			"fscope": "vu",
			"compatibly": 0
		}
	},
	"author": "Source code Kaysil & edited by hungcho",
	"version": "0.1.0",
	"node_depends": {
		"node-fetch": "*",
		"wait-for-stuff": "*",
		"fs": "*",
		"path": "*",
		"stream-buffers": "*",
		"merge-images": "*",
		"wait-on": "*",
		"jimp": "*"
	},
	"dependents": ["Fbtoken"],
	"file_map": {},
	"complied_for": "0.5.0"
}