{
	"plugin_name": "spank",
	"plugin_scope": "spank",
	"plugin_exec": "spank.js",
	"command_map": {
		"spank": {
			"hargs": {
				"vi_VN": "",
				"en_US": ""
			},
			"hdesc": {
				"vi_VN": "<@mention> [Đánh đít]",
				"en_US": ""
			},
			"fscope": "spank",
			"compatibly": 0
		}
	},
	"author": "Kaysil",
	"version": "0.1.0",
	"node_depends": {
		"node-fetch": "*",
		"wait-for-stuff": "*",
		"fs": "*",
		"path": "*",
		"stream-buffers": "*",
		"merge-images": "*",
		"wait-on": "*",
		"jimp": "*"
	},
	"file_map": {
	"images/suckbird.jpg": "suckbird",
	"images/spank.jpg": "spank",
	"images/gift.jpg": "gift",
	"images/rob.jpg": "rob"
	},
	"complied_for": "0.5.0"
}